train_loss,train_acc,test_loss,test_acc
0.31311592459678644,0.9921875000000001,0.0,0.0
0.002376125873221705,1.0,0.0,0.0
0.0003154022015223745,1.0,0.0,0.0
0.00012896175151884867,1.0,0.0,0.0
8.900522395075919e-05,1.0,0.0,0.0
6.312129365445193e-05,1.0,0.0,0.0
